USE PENDUDUK
GO

DELETE FROM menetap;
DELETE FROM melakukan;
DELETE FROM menentukan;
DELETE FROM mendapatkan;
DELETE FROM menetapkan;
DELETE FROM memengaruhi;
DELETE FROM mengalami;
DELETE FROM memiliki;
DELETE FROM PERPAJAKAN;
DELETE FROM PNS;
DELETE FROM SWASTA;
DELETE FROM TEMPAT_TINGGAL;
DELETE FROM BANTUAN_SOSIAL;
DELETE FROM TRANSMIGRASI;
DELETE FROM IMIGRASI;
DELETE FROM EMIGRASI;
DELETE FROM KELAHIRAN;
DELETE FROM PERCERAIAN;
DELETE FROM KEMATIAN;
DELETE FROM PERNIKAHAN;
DELETE FROM STATUS_KESEHATAN;
DELETE FROM PENDIDIKAN;
DELETE FROM PENGHASILAN;
DELETE FROM PEKERJAAN;
DELETE FROM PENDUDUK;
DELETE FROM KELUARGA;
DELETE FROM PERISTIWA_PENTING;
DELETE FROM PERPINDAHAN;


INSERT INTO KELUARGA (No_KK, Jumlah_Anggota, Kepala_Keluarga) VALUES 
('3275041409000014', 3, 'Irfan Adi Prasetya'),
('3674071205010005', 3, 'Dana Affan'),
('3372032302110019', 6, 'Danang Aprianto'),
('3275092807090010', 4, 'Winnetou Nasution'),
('3312111108051592', 4, 'Fatkhurahman'),
('3512021710150003', 3, 'Farrelly Theo Ariela'),
('3612141212041322', 3, 'Fathin Achmad Ashari'),
('3328192108145411', 3, 'Firmansyah Achmad Adam'),
('3214052904120147', 5, 'Gardasvara M'),
('3521141508062154', 4, 'Deva Athaya Aryaputra'),
('3215220301091987', 3, 'Ikhsan Ari Novianto'),
('3577021105190116', 3, 'Addin Hadi Rizal'),
('3602151411052114', 3, 'Roziq Nurhadi'),
('5307130608105422', 5, 'Rafi Pratama Nugraha'),
('5317061809062447', 4, 'Alya Roseta'),
('7413220510163183', 2, 'Baim Wedya'),
('3672192107142001', 2, 'Guntur Wicaksana'),
('7310021506040011', 2, 'Heri Catur Nasution'),
('2172021404210114', 2, 'Nur Cahya Wacana'),
('1401061908030010', 2, 'Yudha Alrudi'),
('9271142904092114', 1, 'Gilang Mahendra'),
('9204081403010005', 1, 'Bunga Alma Melati'),
('9209513101020109', 1, 'Yanti Sri Mawar'),
('5271160312193116', 1, 'Christie Dwi Ayunda'),
('5205162507112125', 1, 'Diantari Megasri'),
('1306142002130006', 1, 'Danu Mario'),
('3203021504105148', 1, 'Rosalia Andania'),
('2171021509113354', 1, 'Danang Ahmad'),
('-', 0, '-');

-- Tabel PENDUDUK
INSERT INTO PENDUDUK (NIK, Nama, Usia, Status_Perkawinan, Agama, Jenis_Kelamin, Tempat_Lahir, Tanggal_Lahir, Nama_Jalan, No_Rumah, RTRW, Kewarganegaraan, No_KK) VALUES
('3275857639120456', 'Irfan Adi Prasetya', 43, 'Kawin', 'Islam', 'L', 'Jakarta', '1980-05-15', 'Jalan Bungur IV', 'A1/2', '001/014', 'WNI', '3275041409000014'),
('3275476512903845', 'Inge Najwa Aqiilah', 40, 'Kawin', 'Islam', 'P', 'Surabaya', '1982-09-28', 'Jalan Bungur IV', 'A1/2', '001/014', 'WNI', '3275041409000014'),
('3275134765890728', 'Feranisa Kusuma', 12, 'Belum Kawin', 'Islam', 'P', 'Bekasi', '2010-03-12', 'Jalan Bungur IV', 'A1/2', '001/014', 'WNI', '3275041409000014'),
('3674076192834567', 'Dana Affan', 37, 'Kawin', 'Islam', 'L', 'Bekasi', '1985-05-15', 'Jalan Imam Bonjol', 'B/11', '003/041', 'WNI', '3674071205010005'),
('3674945612093487', 'Devita Ayu Maharani', 34, 'Kawin', 'Islam', 'P', 'Makassar', '1988-09-22', 'Jalan Imam Bonjol', 'B/11', '003/041', 'WNI', '3674071205010005'),
('3674457890321546', 'Dana Ariska S', 12, 'Belum Kawin', 'Islam', 'P', 'Tangerang Selatan', '2010-03-08', 'Jalan Imam Bonjol', 'B/11', '003/041', 'WNI', '3674071205010005'),
('3372971246502398', 'Danang Aprianto', 63, 'Kawin', 'Islam', 'L', 'Gunungkidul', '1960-05-15', 'Jalan Fokker', 'F/35', '008/001', 'WNI', '3372032302110019'),
('3372093847562914', 'Hanifah Salsabila Ryadi', 61, 'Kawin', 'Islam', 'P', 'Semarang', '1962-08-28', 'Jalan Fokker', 'F/35', '008/001', 'WNI', '3372032302110019'),
('3372758920634785', 'Harits Fistiyan Ahmad', 37, 'Belum Kawin', 'Islam', 'L', 'Surakarta', '1985-03-10', 'Jalan Fokker', 'F/35', '008/001', 'WNI', '3372032302110019'),
('3372549870123456', 'Karren Gabriela', 34, 'Belum Kawin', 'Islam', 'P', 'Surakarta', '1988-11-22', 'Jalan Fokker', 'F/35', '008/001', 'WNI', '3372032302110019'),
('3372712056349821', 'Nurdin Pangestu', 30, 'Belum Kawin', 'Islam', 'L', 'Surakarta', '1992-07-05', 'Jalan Fokker', 'F/35', '008/001', 'WNI', '3372032302110019'),
('3372971245032167', 'Dzakyudin Fathu Rohman', 24, 'Belum Kawin', 'Islam', 'L', 'Surakarta', '1998-12-18', 'Jalan Fokker', 'F/35', '008/001', 'WNI', '3372032302110019'),
('3275090803670010', 'Winnetou Nasution', 56, 'Kawin', 'Islam', 'L', 'Malang', '1967-03-08', 'Jalan Nangka', 'CT1/34', '004/013', 'WNI', '3275092807090010'),
('3275095110720008', 'Ressy Oktivia', 50, 'Kawin', 'Islam', 'P', 'Padang', '1972-10-11', 'Jalan Nangka', 'CT1/34', '004/013', 'WNI', '3275092807090010'),
('3275091804010007', 'Erdanoe Apriyan Nasution', 21, 'Belum Kawin', 'Islam', 'L', 'Jakarta', '2001-04-18', 'Jalan Nangka', 'CT1/34', '004/013', 'WNI', '3275092807090010'),
('3275091302040007', 'Ervand Aulia Nasution', 19, 'Belum Kawin', 'Islam', 'L', 'Jakarta', '2004-02-13', 'Jalan Nangka', 'CT1/34', '004/013', 'WNI', '3275092807090010'),
('3498125037642958', 'Fatkhurahman', 47, 'Kawin', 'Islam', 'L', 'Klaten', '1976-09-30', 'Jalan Sendang Siwani', '07', '002/005', 'WNI', '3312111108051592'),
('3498712049325678', 'Retno Tri Margiyani', 43, 'Kawin', 'Islam', 'P', 'Wonogiri', '1980-12-16', 'Jalan Sendang Siwani', '07', '002/005', 'WNI', '3312111108051592'),
('3312111206030003', 'Dzaky Muhammad Zidane', 20, 'Belum Kawin', 'Islam', 'L', 'Jakarta', '2003-06-12', 'Jalan Sendang Siwani', '07', '002/005', 'WNI', '3312111108051592'),
('3312117010130003', 'Dzakiya Refa Almaira', 10, 'Belum Kawin', 'Islam', 'L', 'Wonogiri', '2013-10-30', 'Jalan Sendang Siwani', '07', '002/005', 'WNI', '3312111108051592'),
('3512049783564921', 'Farrelly Theo Ariela', 33, 'Kawin', 'Islam', 'L', 'Magelang', '1990-05-15', 'Jalan Manggis', '12', '012/023', 'WNI', '3512021710150003'),
('3512901234563214', 'Fadhilah Ishma Diyanah', 30, 'Kawin', 'Islam', 'P', 'Palangkaraya', '1992-08-23', 'Jalan Manggis', '12', '012/023', 'WNI', '3512021710150003'),
('3512456789054321', 'Fakhira Ammara Raisa', 8, 'Belum Kawin', 'Islam', 'P', 'Situbondo', '2015-03-10', 'Jalan Manggis', '12', '012/023', 'WNI', '3512021710150003'),
('3612457890325146', 'Fathin Achmad Ashari', 42, 'Kawin', 'Kristen', 'L', 'Banjarmasin', '1981-05-23', 'Jalan Sriwedari', '02', '005/010', 'WNI', '3612141212041322'),
('3612123456783241', 'Fadhila Nur Aisyah', 40, 'Kawin', 'Kristen', 'P', 'Denpasar', '1983-09-15', 'Jalan Sriwedari', '02', '005/010', 'WNI', '3612141212041322'),
('3612549870123456', 'Ferdy Rizkiawan', 12, 'Belum Kawin', 'Kristen', 'L', 'Tangerang', '2010-03-08', 'Jalan Sriwedari', '02', '005/010', 'WNI', '3612141212041322'),
('3328971246502398', 'Firmansyah Achmad Adam', 53, 'Kawin', 'Kristen', 'L', 'Sabang', '1970-05-15', 'Jalan Dahlia', 'DA/4', '003/011', 'WNI', '3328192108145411'),
('3328102983467589', 'Fiska Annisa Rahmasari', 50, 'Kawin', 'Kristen', 'P', 'Bandar Lampung', '1972-08-27', 'Jalan Dahlia', 'DA/4', '003/011', 'WNI', '3328192108145411'),
('3328459870132456', 'Gabriello Dwi J S', 23, 'Belum Kawin', 'Kristen', 'L', 'Tegal', '2000-11-08', 'Jalan Dahlia', 'DA/4', '003/011', 'WNI', '3328192108145411'),
('3214509876345123', 'Gardasvara M', 52, 'Kawin', 'Hindu', 'L', 'Bandung', '1971-11-02', 'Jalan Mawar', 'M4/08', '010/034', 'WNI', '3214052904120147'),
('3214012456340982', 'Ghina Puspamurti', 51, 'Kawin', 'Hindu', 'P', 'Bandung', '1972-07-19', 'Jalan Mawar', 'M4/08', '010/034', 'WNI', '3214052904120147'),
('3214712049325678', 'Haidar Dzaky Musyaffa', 29, 'Belum Kawin', 'Hindu', 'L', 'Purwakarta', '1994-01-30', 'Jalan Mawar', 'M4/08', '010/034', 'WNI', '3214052904120147'),
('3214209875342987', 'Hajid Lutfi Hidayanto', 25, 'Belum Kawin', 'Hindu', 'L', 'Purwakarta', '1998-06-14', 'Jalan Mawar', 'M4/08', '010/034', 'WNI', '3214052904120147'),
('3214123456783241', 'Handi Dwi Cahyo', 20, 'Belum Kawin', 'Hindu', 'L', 'Purwakarta', '2003-12-27', 'Jalan Mawar', 'M4/08', '010/034', 'WNI', '3214052904120147'),
('3521093847562914', 'Deva Athaya Aryaputra', 45, 'Kawin', 'Kristen', 'L', 'Klaten', '1978-05-25', 'Jalan Pengembangan V', 'A3/41', '014/003', 'WNI', '3521141508062154'),
('3521457890321546', 'Dhiya Yasyifa Hani', 40, 'Kawin', 'Kristen', 'P', 'Palembang', '1983-09-18', 'Jalan Pengembangan V', 'A3/41', '014/003', 'WNI', '3521141508062154'),
('3521549870123456', 'Humam Alwi Ahmad', 17, 'Belum Kawin', 'Kristen', 'L', 'Ngawi', '2006-02-14', 'Jalan Pengembangan V', 'A3/41', '014/003', 'WNI', '3521141508062154'),
('3521712056349821', 'Ibrahim Nur Huda', 14, 'Belum Kawin', 'Kristen', 'L', 'Ngawi', '2009-07-08', 'Jalan Pengembangan V', 'A3/41', '014/003', 'WNI', '3521141508062154'),
('3215076192834567', 'Ikhsan Ari Novianto', 43, 'Kawin', 'Kristen', 'L', 'Pekanbaru', '1980-05-25', 'Jalan Tulus', '45', '005/006', 'WNI', '3215220301091987'),
('3215758920634785', 'Jamilatul Muyasaroh', 40, 'Kawin', 'Kristen', 'P', 'Boyolali', '1983-09-17', 'Jalan Tulus', '45', '005/006', 'WNI', '3215220301091987'),
('3215971245032167', 'Raihan Shafa Azzummar Yussuf', 12, 'Belum Kawin', 'Kristen', 'L', 'Karawang', '2011-03-10', 'Jalan Tulus', '45', '005/006', 'WNI', '3215220301091987'),
('3577021345678921', 'Addin Hadi Rizal', 37, 'Kawin', 'Islam', 'L', 'Merauke', '1986-11-04', 'Jalan Ikhlas III', '05', '001/001', 'WNI', '3577021105190116'),
('3577123456789012', 'Laksmi Aliyya Wismayadewi', 34, 'Kawin', 'Islam', 'P', 'Bekasi', '1989-07-21', 'Jalan Ikhlas III', '05', '001/001', 'WNI', '3577021105190116'),
('3577456789012345', 'Retno Pinka', 12, 'Belum Kawin', 'Islam', 'P', 'Madiun', '2011-01-31', 'Jalan Ikhlas III', '05', '001/001', 'WNI', '3577021105190116'),
('3602567890123456', 'Roziq Nurhadi', 63, 'Cerai Hidup', 'Islam', 'L', 'Lebak', '1960-12-28', 'Jalan Bougenville', 'B/08', '008/015', 'WNI', '3602151411052114'),
('3602457890325146', 'Sri Hardini', 40, 'Belum Kawin', 'Hindu', 'P', 'Lebak', '1983-06-13', 'Jalan Bougenville', 'B/08', '008/015', 'WNI', '3602151411052114'),
('3602459870132456', 'Jasmine Naja', 37, 'Belum Kawin', 'Hindu', 'P', 'Lebak', '1986-12-27', 'Jalan Bougenville', 'B/08', '008/015', 'WNI', '3602151411052114'),
('5307549870123456', 'Rafi Pratama Nugraha', 56, 'Kawin', 'Hindu', 'L', 'Manado', '1967-02-26', 'Jalan Melati', 'AB/12', '012/033', 'WNI', '5307130608105422'),
('5307012345678901', 'Akhras Syifana', 50, 'Kawin', 'Hindu', 'P', 'Gorontalo', '1973-07-30', 'Jalan Melati', 'AB/12', '012/033', 'WNI', '5307130608105422'),
('5307123456789012', 'Riyaldi Hasan Setiawan', 21, 'Belum Kawin', 'Hindu', 'L', 'Sikka', '2002-04-23', 'Jalan Melati', 'AB/12', '012/033', 'WNI', '5307130608105422'),
('5307234567890123', 'Salsa Rizki Saputri', 19, 'Belum Kawin', 'Hindu', 'P', 'Sikka', '2004-09-16', 'Jalan Melati', 'AB/12', '012/033', 'WNI', '5307130608105422'),
('5307123498765432', 'Candra Armandito', 16, 'Belum Kawin', 'Hindu', 'L', 'Sikka', '2007-05-01', 'Jalan Melati', 'AB/12', '012/033', 'WNI', '5307130608105422'),
('5317012345678901', 'Alya Roseta', 43, 'Cerai Hidup', 'Islam', 'P', 'Tarakan', '1980-10-14', NULL, NULL, NULL, 'WNA', '5317061809062447'),
('5317070910770005', 'Taufik Rama', 41, 'Cerai Mati', 'Islam', 'L', 'Tarakan', '1977-10-09', NULL, NULL, NULL, 'WNI', NULL),
('5317432098760007', 'Rio Asendra Wijaya', 20, 'Belum Kawin', 'Islam', 'L', 'Sumba Tengah', '2003-12-27', 'Jalan Sumur I', '20', '011/041', 'WNI', '5317061809062447'),
('5317432098755431', 'Keanu Azhar Adyatama', 10, 'Belum Kawin', 'Islam', 'L', 'Sumba Tengah', '2013-12-12', 'Jalan Sumur I', '20', '011/041', 'WNI', '5317061809062447'),
('7413025876912345', 'Baim Wedya', 27, 'Kawin', 'Islam', 'L', 'Kendari', '1996-08-05', 'Jalan Durian', 'CQ/12', '001/028', 'WNI', '7413220510163183'),
('7413876543120987', 'Ning Widyantari', 26, 'Kawin', 'Islam', 'P', 'Wakatobi', '1997-03-21', 'Jalan Durian', 'CQ/12', '001/028', 'WNI', '7413220510163183'),
('3672457890321546', 'Guntur Wicaksana', 33, 'Kawin', 'Islam', 'L', 'Bekasi', '1990-05-15', 'Jalan Dirgantara Raya', 'A5/01', '017/034', 'WNI', '3672192107142001'),
('3672758920634785', 'Widina Mawar Rossita', 29, 'Kawin', 'Islam', 'P', 'Bogor', '1994-08-21', 'Jalan Dirgantara Raya', 'A5/01', '017/034', 'WNI', '3672192107142001'),
('7310432178906542', 'Heri Catur Nasution', 31, 'Kawin', 'Katolik', 'L', 'Pematangsiantar', '1992-04-05', 'Jalan Salak', 'CS/09', '002/043', 'WNI', '7310021506040011'),
('7310987654321098', 'Dwi Cantika', 30, 'Kawin', 'Katolik', 'P', 'Serang', '1993-09-09', 'Jalan Salak', 'CS/09', '002/043', 'WNI', '7310021506040011'),
('2172785632149056', 'Nur Cahya Wacana', 24, 'Kawin', 'Katolik', 'L', 'Pare Pare', '1999-02-18', 'Jalan Padi', '02', '012/011', 'WNI', '2172021404210114'),
('2172347890123456', 'Annella Dewanta', 26, 'Kawin', 'Katolik', 'P', 'Manokwari', '1997-10-30', 'Jalan Padi', '02', '012/011', 'WNI', '2172021404210114'),
('1401097832456123', 'Yudha Alrudi', 40, 'Kawin', 'Katolik', 'L', 'Jambi', '1983-01-25', 'Jalan Lapangan Tembak', '22', '009/031', 'WNI', '1401061908030010'),
('1401278904567321', 'Silvia Werya Hasan', 38, 'Kawin', 'Katolik', 'P', 'Jambi', '1985-06-14', 'Jalan Lapangan Tembak', '22', '009/031', 'WNI', '1401061908030010'),
('9271092606830010', 'Gilang Mahendra', 40, 'Cerai Hidup', 'Konghucu', 'L', 'Bengkulu', '1983-06-26', 'Jalan Mawar VII', 'C/11', '001/051', 'WNI', '9271142904092114'),
('9204091304920008', 'Bunga Alma Melati', 31, 'Cerai Mati', 'Konghucu', 'P', 'Banjarmasin', '1992-04-13', 'Jalan Melati I', 'B2/02', '006/004', 'WNI', '9204081403010005'),
('9204091706900008', 'I Ketut Basuki', 20, 'Cerai Mati', 'Hindu', 'L', 'Denpasar', '1990-06-17', NULL, NULL, NULL, 'WNI', NULL),
('9209092802670010', 'Yanti Sri Mawar', 56, 'Cerai Mati', 'Konghucu', 'P', 'Jakarta Timur', '1967-02-28', 'Jalan Anggrek', '02', '012/051', 'WNI', '9209513101020109'),
('9209092107680013', 'Narendra Dwiarsa', 42, 'Cerai Mati', 'Konghucu', 'L', 'Depok', '1968-07-21', NULL, NULL, NULL, 'WNI', NULL),
('5271081510950014', 'Christie Dwi Ayunda', 28, 'Cerai Hidup', 'Konghucu', 'P', 'Kuala Lumpur', '1995-10-15', 'Jalan Anggrek III', 'A/20', '018/003', 'WNI', '5271160312193116'),
('5205022412870044', 'Diantari Megasri', 36, 'Cerai Mati', 'Islam', 'P', 'Singapura', '1987-12-24', 'Jalan KH Mansyur', '02', '007/006', 'WNI', '5205162507112125'),
('5205022010850009', 'Muhammad Zainuddin', 25, 'Cerai Mati', 'Islam', 'L', 'Jakarta Barat', '1985-10-20', NULL, NULL, NULL, 'WNI', NULL),
('1306110312690001', 'Danu Mario', 54, 'Cerai Hidup', 'Islam', 'L', 'Dili', '1969-12-03', 'Jalan Soekarno-Hatta', '26', '005/014', 'WNI', '1306142002130006'),
('3203123010840005', 'Rosalia Andania', 39, 'Cerai Mati', 'Islam', 'P', 'Bandar Sri-Begawan', '1984-10-30', 'Jalan Perjuangan', 'DA1/16', '006/027', 'WNI', '3203021504105148'),
('3203120102840009', 'Nurdin Budiman', 29, 'Cerai Mati', 'Islam', 'L', 'Ngawi', '1984-02-01', NULL, NULL, NULL, 'WNI', NULL),
('2171182009760010', 'Danang Ahmad', 47, 'Cerai Hidup', 'Islam', 'L', 'Tegal', '1976-09-20', NULL, NULL, NULL, 'WNA', '2171021509113354');

INSERT INTO PEKERJAAN (Id_Pekerjaan, Nama_Pekerjaan, Lokasi_Pekerjaan, Kontak)VALUES
('00012101', 'Manajer Keuangan', 'Bekasi', '08123456789'),
('00389012', 'Dokter Umum', 'Bekasi', '08543210987'),
('00120034', 'Pengusaha Teknologi', 'Tangerang Selatan', '08987654321'),
('00234560', 'Guru Matematika', 'Tangerang Selatan', '08765432109'),
('00654321', 'Pengacara', 'Surakarta', '08901234567'),
('00256789', 'Programmer', 'Sukoharjo', '08567091234'),
('00451234', 'Psikolog', 'Jakarta', '08761234567'),
('00567890', 'Ahli Hukum', 'Jakarta', '08123456789'),
('00787654', 'PNS Polisi', 'Wonogiri', '087736071633'),
('00898765', 'Apoteker', 'Wonogiri', '081904799477'),
('00057236', 'Dokter Umum', 'Situbondo', '08123456789'),
('00056743', 'Engineer', 'Situbondo', '08543210987'),
('00008472', 'Pengusaha Teknologi', 'Tangerang', '08987654321'),
('00500123', 'Guru Matematika', 'Tangerang', '08765432109'),
('00300459', 'Programmer', 'Tegal', '08109876543'),
('00204987', 'Ahli Hukum', 'Tegal', '08987654321'),
('00900918', 'Psikolog', 'Tegal', '08567091234'),
('00040827', 'Manajer Keuangan', 'Purwakarta', '08761234567'),
('00703921', 'Manajer SDM', 'Purwakarta', '08901234567'),
('00305164', 'Marketing Specialist', 'Purwakarta', '08765432109'),
('00908732', 'Human Resources Manager', 'Purwakarta', '08543210987'),
('00800912', 'Pengacara', 'Ngawi', '08123456789'),
('00030147', 'Engineer', 'Ngawi', '08543210987'),
('00007938', 'Dokter Umum', 'Karawang', '08567091234'),
('00300621', 'Guru SD', 'Karawang', '08761234567'),
('00204873', 'Pengusaha Teknologi', 'Madiun', '08987654321'),
('00107294', 'Guru Fisika', 'Madiun', '08765432109'),
('00405297', 'Marketing Manager', 'Lebak', '08761234567'),
('00060385', 'Graphic Designer', 'Lebak', '08567091234'),
('00609184', 'Arsitek', 'Sikka', '087732229499'),
('00702543', 'Akuntan', 'Sikka', '08109876543'),
('00308942', 'Financial Analyst', 'Muna Barat', '08987654321'),
('00604193', 'Dokter Umum', 'Cilegon', '08543210987'),
('00908753', 'Manajer Keuangan', 'Mataram', '08543210987'),
('00406172', 'Polisi', 'Dompu', '08543210987'),
('00307954', 'Dokter Umum', 'Agam', '08123456789'),
('00903421', 'Dokter Gigi', 'Tanjung Pinang', '08987654321'),
('00605289', 'Buruh', 'Kampar', '08765432109'),
('00079153', 'Karyawan', 'Kampar', '08543210987'),
('00304198', 'Programmer', 'Sorong', '08761234567'),
('00501729', 'Psikolog', 'Sorong Selatan', '08123456789'),
('00702645', 'Marketing Specialist', 'Tambrauw', '08567091234'),
('00103759', 'Desainer Interior', 'Kepulauan Pangkajene', '08109876543'),
('00508136', 'Asisten Hukum', 'Kepulauan Pangkajene', '08567091234'),
('00202647', 'Konsultan IT', 'Tanjung Pinang', '08543210987'),
('00604382', 'Human Resources Manager', 'Cianjur', '087762728233');

INSERT INTO PNS (Id_Pekerjaan, NIP, Jabatan_PNS, Instansi)VALUES
('00012101', '123456789', 'Pembina Utama (Golongan IVe)', 'Badan Keuangan Daerah'),
('00389012', '987654321', 'Pembina Madya (Golongan IVd)', 'Rumah Sakit Mulia'),
('00234560', '456789012', 'Penata Tingkat I (Golongan IIId)', 'SMA Negeri 2 Setu'),
('00787654', '009261908', 'Penata Muda Tingkat 1(Golongan IIIb)', 'Polsek Wonogiri'),
('00057236', '234567890', 'Pembina Muda (Golongan IIa)', 'Rumah Sakit Harapan Sehat'),
('00500123', '456455012', 'Penata Tingkat I (Golongan IIId)', 'SMA Negeri 4 Benda'),
('00040827', '765432109', 'Pembina Utama (Golongan IVe)', 'Badan Keuangan Daerah'),
('00007938', '109876543', 'Pembina Madya (Golongan IVd)', 'Rumah Sakit Sejahtera'),
('00300621', '876543210', 'Penata Muda Tingkat 1(Golongan IIIb)', 'SD Negeri 1 Jayakerta'),
('00107294', '321098765', 'Penata Tingkat I (Golongan IIId)', 'SMA Negeri 2 Manguharjo'),
('00604193', '345678901', 'Pembina (Golongan IVa)', 'Rumah Sakit Bunda Sehat'),
('00908753', '123098765', 'Penata Tingkat I (Golongan IIId)', 'Badan Keuangan Daerah'),
('00406172', '987333321', 'Pembina (Golongan IVa)', 'Polres Pekat'),
('00307954', '654321098', 'Pembina Madya (Golongan IVd)', 'Rumah Sakit Manjur'),
('00702543', '554777801', 'Penata Tingkat I (Golongan IIId)', 'Badan Keuangan Daerah');

INSERT INTO SWASTA (Id_Pekerjaan, Nama_Perusahaan, Jabatan_Swasta)VALUES
('00120034', 'PT TeknoMaju', 'CEO'),
('00654321', 'Kanz & Associates', 'Partner'),
('00256789', 'PT CodingMaju', 'Software Engineer'),
('00451234', 'Klinik Jiwa Sejahtera', 'Konselor'),
('00567890', 'Kantor Hukum Utama', 'Pengacara'),
('00898765', 'Apotek Fajar Farma', 'Apoteker Penanggung Jawab'),
('00056743', 'PT TeknoMaju', 'Engineer'),
('00008472', 'PT Inovasi Canggih', 'CEO'),
('00300459', 'PT CodingMaju', 'Software Engineer'),
('00204987', 'Kantor Hukum Sejahtera', 'Pengacara'),
('00900918', 'Klinik Jiwa Bahagia', 'Konselor'),
('00703921', 'PT Sejahtera Bersama', 'Manajer'),
('00305164', 'PT Maju Jaya', 'Marketing Specialist'),
('00908732', 'PT Berkah Makmur', 'HR Manager'),
('00800912', 'Kantor Hukum Surya', 'Pengacara'),
('00030147', 'PT TeknoMaju', 'Engineer'),
('00204873', 'PT Inovasi Canggih', 'CEO'),
('00405297', 'PT Maju Jaya Marketing', 'Manager'),
('00060385', 'PT DesainKreatif', 'Graphic Designer'),
('00609184', 'PT ArchitectMaju', 'Arsitek'),
('00702543', 'PT KeuanganMaju', 'Senior Accountant'),
('00308942', 'PT Keuangan Sejahtera', 'Analis'),
('00903421', 'PT KesehatanBerkah', 'Dokter Gigi'),
('00605289', 'PT Berkah Makmur', 'Buruh'),
('00079153', 'PT Laras Maju', 'Karyawan'),
('00304198', 'PT CodingMaju', 'Software Engineer'),
('00501729', 'Klinik Jiwa Sehat', 'Konselor'),
('00702645', 'PT Bintang Terang', 'Marketing Specialist'),
('00103759', 'PT DesainKreatif', 'Desainer Interior'),
('00508136', 'PT HukumMaju', 'Asisten Hukum'),
('00202647', 'PT TeknologiMaju', 'Konsultan'),
('00604382', 'PT Tujuh Delapan', 'HR Manager');

INSERT INTO PENGHASILAN (No_Laporan_Penghasilan, Nominal_Penghasilan, Id_Pekerjaan)VALUES
('430819', 84000000.00, '00012101'),
('527643', 108000000.00, '00389012'),
('935208', 96000000.00, '00120034'),
('186473', 72000000.00, '00234560'),
('750390', 90000000.00, '00654321'),
('629854', 102000000.00, '00256789'),
('137459', 84000000.00, '00451234'),
('245196', 108000000.00, '00567890'),
('854327', 60000000.00, '00787654'),
('739812', 42000000.00, '00898765'),
('460329', 84000000.00, '00057236'),
('583172', 96000000.00, '00056743'),
('926340', 96000000.00, '00008472'),
('317908', 72000000.00, '00500123'),
('732584', 60000000.00, '00300459'),
('948361', 90000000.00, '00204987'),
('526749', 72000000.00, '00900918'),
('246018', 66000000.00, '00040827'),
('163892', 90000000.00, '00703921'),
('934705', 72000000.00, '00305164'),
('286395', 96000000.00, '00908732'),
('417230', 84000000.00, '00800912'),
('635492', 66000000.00, '00030147'),
('748951', 84000000.00, '00007938'),
('153976', 60000000.00, '00300621'),
('864302', 96000000.00, '00204873'),
('593720', 66000000.00, '00107294'),
('973254', 72000000.00, '00405297'),
('819436', 54000000.00, '00060385'),
('305164', 66000000.00, '00609184'),
('629783', 84000000.00, '00702543'),
('835796', 78000000.00, '00308942'),
('469285', 96000000.00, '00604193'),
('618349', 84000000.00, '00908753'),
('249063', 90000000.00, '00406172'),
('153629', 96000000.00, '00307954'),
('947602', 96000000.00, '00903421'),
('832546', 36000000.00, '00605289'),
('892211', 36000000.00, '00079153'),
('764219', 6500000.00, '00304198'),
('358694', 66000000.00, '00501729'),
('629453', 66000000.00, '00702645'),
('184397', 54000000.00, '00103759'),
('659234', 90000000.00, '00508136'),
('389516', 78000000.00, '00202647'),
('572640', 84000000.00, '00604382');

INSERT INTO PERPAJAKAN (NPWP, Total_Pajak, Tanggal_Bayar, NIK)VALUES
('36.976.389.9-606.000', 16800000.00, '2023-03-12', '3275857639120456'),
('51.065.122.3-703.000', 21600000.00, '2023-03-12', '3275476512903845'),
('88.375.839.1-404.000', 19200000.00, '2023-04-27', '3674076192834567'),
('47.951.056.1-209.000', 14400000.00, '2023-04-27', '3674945612093487'),
('33.954.728.0-106.000', 18000000.00, '2023-05-05', '3372758920634785'),
('66.459.117.4-606.000', 20400000.00, '2023-05-05', '3372712056349821'),
('77.954.639.8-107.000', 16800000.00, '2023-06-19', '3275090803670010'),
('22.851.936.7-208.000', 21600000.00, '2023-06-19', '3275095110720008'),
('55.768.953.2-606.000', 12000000.00, '2023-07-22', '3498125037642958'),
('99.962.835.0-905.000', 8400000.00, '2023-07-22', '3498712049325678'),
('71.857.946.3-607.000', 16800000.00, '2023-08-14', '3512049783564921'),
('44.160.874.9-403.000', 19200000.00, '2023-08-14', '3512901234563214'),
('31.167.946.2-303.000', 19200000.00, '2023-09-18', '3612457890325146'),
('92.468.935.1-707.000', 14400000.00, '2023-09-18', '3612123456783241'),
('83.765.982.0-408.000', 12000000.00, '2023-03-28', '3328971246502398'),
('45.367.128.3-606.000', 18000000.00, '2023-03-28', '3328102983467589'),
('33.773.329.0-303.000', 14400000.00, '2023-03-28', '3328459870132456'),
('14.970.185.2-805.000', 13200000.00, '2023-04-03', '3214509876345123'),
('52.269.730.1-435.000', 18000000.00, '2023-04-03', '3214012456340982'),
('11.572.893.4-154.321', 14400000.00, '2023-04-03', '3214712049325678'),
('02.376.954.0-058.000', 19200000.00, '2023-04-03', '3214209875342987'),
('11.951.186.7-107.000', 16800000.00, '2023-05-20', '3521093847562914'),
('26.659.817.4-209.000', 13200000.00, '2023-06-05', '3521457890321546'),
('88.166.738.2-903.000', 16800000.00, '2023-07-11', '3215076192834567'),
('77.366.189.1-707.000', 12000000.00, '2023-07-11', '3215758920634785'),
('99.268.736.0-606.000', 19200000.00, '2023-08-29', '3577021345678921'),
('22.169.846.3-404.000', 13200000.00, '2023-08-29', '3577123456789012'),
('66.571.937.4-606.000', 14400000.00, '2023-03-23', '3602457890325146'),
('33.373.196.3-903.000', 10800000.00, '2023-03-23', '3602459870132456'),
('11.774.835.1-606.000', 13200000.00, '2023-03-23', '5307549870123456'),
('55.976.283.0-303.000', 16800000.00, '2023-03-23', '5317012345678901'),
('18.378.937.2-606.000', 15600000.00, '2023-05-31', '7413025876912345'),
('71.883.957.2-303.000', 19200000.00, '2023-05-31', '3672457890321546'),
('22.488.176.1-606.000', 16800000.00, '2023-05-31', '7310432178906542'),
('44.292.568.0-707.000', 18000000.00, '2023-08-06', '7310987654321098'),
('55.699.835.3-808.000', 19200000.00, '2023-08-14', '2172785632149056'),
('33.105.297.2-606.000', 19200000.00, '2023-09-13', '2172347890123456'),
('99.911.568.1-303.000', 7200000.00, '2023-09-13', '1401097832456123'),
('88.518.376.0-606.000', 7200000.00, '2023-09-13', '1401278904567321'),
('77.924.185.3-303.000', 1300000.00, '2023-05-05', '9271092606830010'),
('14.331.799.2-606.000', 13200000.00, '2023-07-30', '9204091304920008'),
('36.838.087.1-808.000', 13200000.00, '2023-08-14', '9209092802670010'),
('20.344.575.0-303.000', 10800000.00, '2023-05-05', '5271081510950014'),
('82.951.263.3-606.000', 18000000.00, '2023-05-31', '5205022412870044'),
('66.558.952.2-707.000', 15600000.00, '2023-08-14', '1306110312690001'),
('11.166.640.1-808.000', 16800000.00, '2023-08-14', '3203123010840005');

INSERT INTO STATUS_KESEHATAN (No_Rekam_Medis, Riwayat_Sakit, NIK)VALUES
('0000345678901', 'Tipes', '3674076192834567'),
('0000987654321', 'Asma', '3674945612093487'),
('0000456789123', 'Patah Tulang', '3674457890321546'),
('0000036395651', 'DBD', '3275091302040007'),
('0000765432777', 'Usus Buntu', '3512049783564921'),
('0000567890123', 'DBD', '3512456789054321'),
('0000980789123', 'Tipes', '3214712049325678'),
('0000876543210', 'Tipes', '3214209875342987'),
('0000333890123', 'Usus Buntu', '3521457890321546'),
('0000986664321', 'Usus Buntu', '3215758920634785'),
('0000123456789', 'Patah tulang', '3215971245032167'),
('0000123456001', 'Osteoporosis', '3602567890123456'),
('0000321098765', 'Diabetes', '5307549870123456'),
('0000234567890', 'Asma', '5307123498765432'),
('0000234576210', 'Kanker Otak', '5317070910770005'),
('0000456541123', 'Tipes', '7413025876912345'),
('0000890123456', 'DBD', '7413876543120987'),
('0000918273645', 'Asam Urat', '9209092802670010'),
('0000731162198', 'Jantung Koroner', '5205022010850009'),
('0000765432198', 'Asam Urat', '1306110312690001');

INSERT INTO PENDIDIKAN (NISN, Tingkat_Pendidikan, NIK) VALUES
('0038912746', 'Strata III', '3275857639120456'),
('0005421987', 'Strata I', '3275476512903845'),
('0076152398', 'Strata II', '3372971246502398'),
('0098745012', 'Strata II', '3372093847562914'),
('0063874152', 'Strata I', '3372758920634785'),
('0006234871', 'Strata II', '3372549870123456'),
('0049187652', 'Strata I', '3372712056349821'),
('0023651894', 'Strata I', '3372971245032167'),
('0007456319', 'Strata I', '3275090803670010'),
('0091842573', 'Strata II', '3275095110720008'),
('0067290834', 'Strata I', '3275091804010007'),
('0043497508', 'SMA', '3275091302040007'),
('0086427105', 'Strata I', '3498125037642958'),
('0019876543', 'Strata I', '3498712049325678'),
('0005324769', 'SMA', '3312111206030003'),
('0041785902', 'Diploma III', '3612457890325146'),
('0069308142', 'Diploma IV', '3612123456783241'),
('0002157948', 'Strata II', '3328971246502398'),
('0008973451', 'Strata I', '3328102983467589'),
('0034968570', 'Strata I', '3328459870132456'),
('0033200912', 'SMA', '3214123456783241'),
('0006709235', 'SMP', '3521549870123456'),
('0021986574', 'SD', '3521712056349821'),
('0047361890', 'Strata II', '3602567890123456'),
('0069213087', 'Strata III', '3602457890325146'),
('0076543201', 'Diploma III', '3602459870132456'),
('0003147856', 'Strata I', '5317012345678901'),
('0090562413', 'SMA', '5317432098760007'),
('0009821467', 'Strata I', '7310432178906542'),
('0001395872', 'Strata I', '7310987654321098'),
('0068745032', 'Diploma III', '2172347890123456'),
('0007296814', 'Diploma III', '9271092606830010'),
('0032401987', 'Diploma IV', '9204091304920008'),
('0008657123', 'Diploma IV', '5271081510950014'),
('0045976218', 'Diploma III', '3203123010840005');

INSERT INTO BANTUAN_SOSIAL (ID_Bansos, Jenis_Bantuan, Nama_Program)VALUES
('0003', 'Uang', 'PKH'),
('0001', 'Uang', 'BST'),
('0000', '-', '-');

INSERT INTO PERISTIWA_PENTING (No_Surat_Peristiwa) VALUES
('SPP1234565'),
('SPP1234566'),
('SPP1234567'),
('SPP1234568'),
('SPP1234569'),
('SPP9876543'),
('SPP9876544'),
('SPP9876545'),
('SPP9876546'),
('SPP9876547'),
('SPP9876548'),
('SPP9876549'),
('SPP9876550'),
('SPP9876551'),
('SPP9876552'),
('SPP9876553'),
('SPP9876554'),
('SPP9876555'),
('SPP9876556'),
('SPP2345678'),
('SPP2345679'),
('SPP2345680'),
('SPP8765432'),
('SPP8765433'),
('SPP8765434'),
('SPP3456789'),
('SPP3456790'),
('SPP3456791'),
('SPP3456792'),
('SPP3456793'),
('SPP3456794'),
('SPP3456795'),
('SPP3456796'),
('SPP3456797'),
('SPP3456798'),
('SPP3456799'),
('SPP3456800'),
('SPP7654321'),
('SPP7654322'),
('SPP7654323'),
('SPP7654324'),
('SPP7654325'),
('SPP7654326'),
('SPP4567890'),
('SPP0987654'),
('SPP0987655'),
('SPP0987656'),
('SPP0987657'),
('SPP0987658'),
('SPP0987659'),
('SPP0987660'),
('SPP5678901'),
('SPP5432109'),
('SPP1098765'),
('SPP1098766'),
('SPP2109876'),
('SPP800432'),
('SPP3210987'),
('SPP7890123'),
('SPP9876345'),
('SPP2345098'),
('SPP8901234'),
('SPP4657890'),
('SPP6789012'),
('SPP1234576'),
('SPP5902109'),
('SPP0617654'),
('SPP8790432'),
('SPP3480989'),
('SPP2166876'),
('SPP7890076'),
('SPP6543210'),
('SPP3770987'),
('SPP8906234'),
('SPP5558901'),
('SPP9006543'),
('SPP2095678'),
('SPP8765001');

INSERT INTO KELAHIRAN (No_Surat_Peristiwa, No_Akta_Kelahiran, Tanggal_Kelahiran) VALUES
('SPP1234565', 'KLH6201001', '1980-05-15'),
('SPP1234566', 'KLH6201002', '1982-09-28'),
('SPP1234567', 'KLH6201003', '2010-03-12'),
('SPP1234568', 'KLH6201004', '1985-05-15'),
('SPP1234569', 'KLH6201005', '1988-09-22'),
('SPP9876543', 'KLH6201006', '2010-03-08'),
('SPP9876544', 'KLH6201007', '1960-05-15'),
('SPP9876545', 'KLH6201008', '1962-08-28'),
('SPP9876546', 'KLH6201009', '1985-03-10'),
('SPP9876547', 'KLH6201010', '1988-11-22'),
('SPP9876548', 'KLH6201011', '1992-07-05'),
('SPP9876549', 'KLH6201012', '1998-12-18'),
('SPP9876550', 'KLH6201013', '1967-03-08'),
('SPP9876551', 'KLH6201014', '1972-10-11'),
('SPP9876552', 'KLH6201015', '2001-04-18'),
('SPP9876553', 'KLH6201016', '2004-02-13'),
('SPP9876554', 'KLH6201017', '1976-09-30'),
('SPP9876555', 'KLH6201018', '1980-12-16'),
('SPP9876556', 'KLH6201019', '2003-06-12'),
('SPP2345678', 'KLH6201020', '2013-10-30'),
('SPP2345679', 'KLH6201021', '1990-05-15'),
('SPP2345680', 'KLH6201022', '1992-08-23'),
('SPP8765432', 'KLH6201023', '2015-03-10'),
('SPP8765433', 'KLH6201024', '1981-05-23'),
('SPP8765434', 'KLH6201025', '1983-09-15'),
('SPP3456789', 'KLH6201026', '2010-03-08'),
('SPP3456790', 'KLH6201027', '1970-05-15'),
('SPP3456791', 'KLH6201028', '1972-08-27'),
('SPP3456792', 'KLH6201029', '2000-11-08'),
('SPP3456793', 'KLH6201030', '1971-11-02'),
('SPP3456794', 'KLH6201031', '1972-07-19'),
('SPP3456795', 'KLH6201032', '1994-01-30'),
('SPP3456796', 'KLH6201033', '1998-06-14'),
('SPP3456797', 'KLH6201034', '2003-12-27'),
('SPP3456798', 'KLH6201035', '1978-05-25'),
('SPP3456799', 'KLH6201036', '1983-09-18'),
('SPP3456800', 'KLH6201037', '2006-02-14'),
('SPP7654321', 'KLH6201038', '2009-07-08'),
('SPP7654322', 'KLH6201039', '1980-05-25'),
('SPP7654323', 'KLH6201040', '1983-09-17'),
('SPP7654324', 'KLH6201041', '2011-03-10'),
('SPP7654325', 'KLH6201042', '1986-11-04'),
('SPP7654326', 'KLH6201043', '1989-07-21'),
('SPP4567890', 'KLH6201044', '2011-01-31'),
('SPP0987654', 'KLH6201045', '1960-12-28'),
('SPP0987655', 'KLH6201046', '1983-06-13'),
('SPP0987656', 'KLH6201047', '1986-12-27'),
('SPP0987657', 'KLH6201048', '1967-02-26'),
('SPP0987658', 'KLH6201049', '1973-07-30'),
('SPP0987659', 'KLH6201050', '2002-04-23'),
('SPP0987660', 'KLH6201051', '2004-09-16'),
('SPP5678901', 'KLH6201052', '2007-05-01'),
('SPP5432109', 'KLH6201053', '1980-10-14'),
('SPP1098765', 'KLH6201054', '1977-10-09'),
('SPP1098766', 'KLH6201055', '2003-12-27'),
('SPP2109876', 'KLH6201056', '2013-12-12'),
('SPP800432', 'KLH6201057', '1996-08-05'),
('SPP3210987', 'KLH6201058', '1997-03-21'),
('SPP7890123', 'KLH6201059', '1990-05-15'),
('SPP9876345', 'KLH6201060', '1994-08-21'),
('SPP2345098', 'KLH6201061', '1992-04-05'),
('SPP8901234', 'KLH6201062', '1993-09-09'),
('SPP4657890', 'KLH6201063', '1999-02-18'),
('SPP6789012', 'KLH6201064', '1997-10-30'),
('SPP1234576', 'KLH6201065', '1983-01-25'),
('SPP5902109', 'KLH6201066', '1985-06-14'),
('SPP0617654', 'KLH6201067', '1983-06-26'),
('SPP8790432', 'KLH6201068', '1992-04-13'),
('SPP3480989', 'KLH6201069', '1990-06-17'),
('SPP2166876', 'KLH6201070', '1967-02-28'),
('SPP7890076', 'KLH6201071', '1968-07-21'),
('SPP6543210', 'KLH6201072', '1995-10-15'),
('SPP3770987', 'KLH6201073', '1987-12-24'),
('SPP8906234', 'KLH6201074', '1985-10-20'),
('SPP5558901', 'KLH6201075', '1969-12-03'),
('SPP9006543', 'KLH6201076', '1984-10-30'),
('SPP2095678', 'KLH6201077', '1984-02-01'),
('SPP8765001', 'KLH6201078', '1976-09-20');

INSERT INTO PERCERAIAN (No_Surat_Peristiwa, No_Surat_Perceraian, Tanggal_Perceraian) VALUES
('SPP0987654', 'CRH9213001', '2007-10-08'),
('SPP5432109', 'CRH9213002', '2018-02-15'),
('SPP0617654', 'CRH9213003', '2009-06-18'),
('SPP8790432', 'CRH9213004', '2010-01-22'),
('SPP2166876', 'CRH9213005', '2010-02-11'),
('SPP6543210', 'CRH9213006', '2018-02-20'),
('SPP3770987', 'CRH9213007', '2010-03-01'),
('SPP5558901', 'CRH9213008', '2000-04-10'),
('SPP9006543', 'CRH9213009', '2013-01-28'),
('SPP8765001', 'CRH9213010', '2010-01-02');


INSERT INTO KEMATIAN (No_Surat_Peristiwa, No_Surat_Kematian, Penyebab_Kematian, Tanggal_Kematian)VALUES
('SPP1098765', 'KIA3201001', 'Penyakit', '2018-02-15'),
('SPP3480989', 'KIA3201002', 'Kecelakaan', '2010-01-22'),
('SPP7890076', 'KIA3201003', 'Kecelakaan', '2010-02-11'),
('SPP8906234', 'KIA3201004', 'Penyakit', '2010-03-01'),
('SPP2095678', 'KIA3201005', 'Kecelakaan', '2013-01-28');

INSERT INTO PERNIKAHAN (No_Surat_Peristiwa, No_Buku_Nikah, Tanggal_Pernikahan) VALUES
('SPP1234565', 'NKH0221001', '2008-07-19'),
('SPP1234566', 'NKH0221002', '2008-07-19'),
('SPP1234568', 'NKH0221003', '2009-10-21'),
('SPP1234569', 'NKH0221004', '2009-10-21'),
('SPP9876544', 'NKH0221005', '1984-02-10'),
('SPP9876545', 'NKH0221006', '1984-02-10'),
('SPP9876550', 'NKH0221007', '1999-04-01'),
('SPP9876551', 'NKH0221008', '1999-04-01'),
('SPP9876554', 'NKH0221009', '2002-05-21'),
('SPP9876555', 'NKH0221010', '2002-05-21'),
('SPP2345679', 'NKH0221011', '2013-12-18'),
('SPP2345680', 'NKH0221012', '2013-12-18'),
('SPP8765433', 'NKH0221013', '2008-07-12'),
('SPP8765434', 'NKH0221014', '2008-07-12'),
('SPP3456790', 'NKH0221015', '1999-12-08'),
('SPP3456791', 'NKH0221016', '1999-12-08'),
('SPP3456793', 'NKH0221017', '1993-01-21'),
('SPP3456794', 'NKH0221018', '1993-01-21'),
('SPP3456798', 'NKH0221019', '2005-01-31'),
('SPP3456799', 'NKH0221020', '2005-01-31'),
('SPP7654322', 'NKH0221021', '2009-10-23'),
('SPP7654323', 'NKH0221022', '2009-10-23'),
('SPP7654325', 'NKH0221023', '2009-12-23'),
('SPP7654326', 'NKH0221024', '2009-12-23'),
('SPP0987657', 'NKH0221027', '2000-08-14'),
('SPP0987658', 'NKH0221028', '2000-08-14'),
('SPP800432', 'NKH0221029', '2019-09-19'),
('SPP3210987', 'NKH0221030', '2019-09-19'),
('SPP7890123', 'NKH0221031', '2015-11-15'),
('SPP9876345', 'NKH0221032', '2015-11-15'),
('SPP2345098', 'NKH0221033', '2020-02-14'),
('SPP8901234', 'NKH0221034', '2020-02-14'),
('SPP4657890', 'NKH0221035', '2022-04-16'),
('SPP6789012', 'NKH0221036', '2022-04-16'),
('SPP1234576', 'NKH0221037', '2010-10-10'),
('SPP5902109', 'NKH0221038', '2010-10-10');

INSERT INTO PERPINDAHAN (ID_Perpindahan)VALUES
('2301987654'),
('4857239106'),
('6745123098'),
('1098765432'),
('8123456709'),
('9876543210'),
('6543210987'),
('6842157390'),
('9015674328'),
('2489753106'),
('5630928174'),
('3456123211'),
('9328746105');

INSERT INTO TRANSMIGRASI (Id_Perpindahan, Alamat_Asal, Alamat_Tujuan, Tanggal_Transmigrasi)VALUES
('2301987654', 'Jakarta', 'Cilegon', '2015-11-15'),
('4857239106', 'Surakarta', 'Kepulauan Pangkajene', '2020-04-11'),
('6745123098', 'Surakarta', 'Kepulauan Pangkajene', '2020-04-11'),
('1098765432', 'Klaten', 'Tanjung Pinang', '2022-06-12'),
('8123456709', 'Klaten', 'Tanjung Pinang', '2022-06-12'),
('9876543210', 'Boyolali', 'Kampar', '2011-01-07'),
('6543210987', 'Boyolali', 'Kampar', '2011-01-07');

INSERT INTO IMIGRASI (Id_Perpindahan, Negara_Asal, No_Paspor_I, Tanggal_Imigrasi)VALUES
('6842157390', 'Malaysia', 'MA9285472', '2015-01-22'),
('9015674328', 'Singapura', 'SG5736298', '2006-07-06'),
('2489753106', 'Timor Leste', 'TL4328017', '1996-12-14'),
('5630928174', 'Brunei', 'XB4172631', '2009-07-18');

INSERT INTO EMIGRASI (Id_Perpindahan, Negara_Tujuan, No_Paspor_E, Tanggal_Emigrasi) VALUES
('9328746105', 'Singapura', 'ID8296345', '2000-09-20'),
('3456123211', 'Malaysia',	'ID8295119', '2020-05-12');

INSERT INTO TEMPAT_TINGGAL (Id_Tempat_Tinggal, Kode_Pos, Kecamatan, Kabupaten, Provinsi) VALUES
('8742053196', '17147', 'Bekasi Selatan', 'Bekasi', 'Jawa Barat'),
('5029381476', '15315', 'Setu', 'Tangerang Selatan', 'Banten'),
('6894712053', '57112', 'Pasar Kliwon', 'Surakarta', 'Jawa Tengah'),
('3147809526', '17426', 'Jatiasih', 'Bekasi', 'Jawa Barat'),
('9273650184', '57652', 'Selogiri', 'Wonogiri', 'Jawa Tengah'),
('1085962437', '68356', 'Besuki', 'Situbondo', 'Jawa Timur'),
('4356271890', '15124', 'Benda', 'Tangerang', 'Banten'),
('7962845031', '52471', 'Pangkah', 'Tegal', 'Jawa Tengah'),
('2501378694', '41167', 'Sukatani', 'Purwakarta', 'Jawa Barat'),
('6834195720', '63282', 'Pangkur', 'Ngawi', 'Jawa Timur'),
('1590342786', '41351', 'Jayakerta', 'Karawang', 'Jawa Barat'),
('8427605139', '63122', 'Manguharjo', 'Madiun', 'Jawa Timur'),
('3705926814', '42352', 'Warunggunung', 'Lebak', 'Banten'),
('9261347085', '86184', 'Waiblama', 'Sikka', 'Nusa Tenggara Timur'),
('5189473620', '87280', 'Katiku Tana Selatan', 'Sumba Tengah', 'Nusa Tenggara Timur'),
('6942038175', '93650', 'Barangka', 'Muna Barat', 'Sulawesi Tenggara'),
('2875614903', '42443', 'Citangkil', 'Cilegon', 'Banten'),
('4037816529', '90672', 'Liukang Kalmas', 'Kepulauan Pangkajene', 'Sulawesi Selatan'),
('7615428309', '29125', 'Tanjung Pinang Timur', 'Tanjung Pinang', 'Kepulauan Riau'),
('9356782104', '28452', 'Siak Hulu', 'Kampar', 'Riau'),
('8072549136', '98413', 'Sorong Kepulauan', 'Sorong', 'Papua Barat'),
('3621984750', '98221', 'Kokoda', 'Sorong Selatan', 'Papua Barat'),
('1498062573', '98366', 'Fef', 'Tambrauw', 'Papua Barat'),
('5203671984', '83237', 'Sandubaya', 'Mataram', 'Nusa Tenggara Barat'),
('6958437012', '84260', 'Pekat', 'Dompu', 'Nusa Tenggara Barat'),
('4387056192', '26191', 'Candung', 'Agam', 'Sumatera Barat'),
('7819263045', '43260', 'Warungkondang', 'Cianjur', 'Jawa Barat');

INSERT INTO memiliki (NIK, Id_Pekerjaan)VALUES
('3275857639120456', '00012101'),
('3275476512903845', '00389012'),
('3674076192834567', '00120034'),
('3674945612093487', '00234560'),
('3372758920634785', '00654321'),
('3372712056349821', '00256789'),
('3275090803670010', '00451234'),
('3275095110720008', '00567890'),
('3498125037642958', '00787654'),
('3498712049325678', '00898765'),
('3512049783564921', '00057236'),
('3512901234563214', '00056743'),
('3612457890325146', '00008472'),
('3612123456783241', '00500123'),
('3328971246502398', '00300459'),
('3328102983467589', '00204987'),
('3328459870132456', '00900918'),
('3214509876345123', '00040827'),
('3214012456340982', '00703921'),
('3214712049325678', '00305164'),
('3214209875342987', '00908732'),
('3521093847562914', '00800912'),
('3521457890321546', '00030147'),
('3215076192834567', '00007938'),
('3215758920634785', '00300621'),
('3577021345678921', '00204873'),
('3577123456789012', '00107294'),
('3602457890325146', '00405297'),
('3602459870132456', '00060385'),
('5307549870123456', '00609184'),
('5317012345678901', '00702543'),
('7413025876912345', '00308942'),
('3672457890321546', '00604193'),
('7310432178906542', '00908753'),
('7310987654321098', '00406172'),
('2172785632149056', '00307954'),
('2172347890123456', '00903421'),
('1401097832456123', '00605289'),
('1401278904567321', '00079153'),
('9271092606830010', '00304198'),
('9204091304920008', '00501729'),
('9209092802670010', '00702645'),
('5271081510950014', '00103759'),
('5205022412870044', '00508136'),
('1306110312690001', '00202647'),
('3203123010840005', '00604382');

INSERT INTO menetapkan (No_Laporan_Penghasilan, Id_Bansos)VALUES
('430819', '0000'),
('527643', '0000'),
('935208', '0000'),
('186473', '0000'),
('750390', '0000'),
('629854', '0000'),
('137459', '0000'),
('245196', '0000'),
('854327', '0000'),
('739812', '0000'),
('460329', '0000'),
('583172', '0000'),
('926340', '0000'),
('317908', '0000'),
('732584', '0000'),
('948361', '0000'),
('526749', '0000'),
('246018', '0000'),
('163892', '0000'),
('934705', '0000'),
('286395', '0000'),
('417230', '0000'),
('635492', '0000'),
('748951', '0000'),
('153976', '0000'),
('864302', '0000'),
('593720', '0000'),
('973254', '0000'),
('819436', '0000'),
('305164', '0000'),
('629783', '0000'),
('835796', '0000'),
('469285', '0000'),
('618349', '0000'),
('249063', '0000'),
('153629', '0000'),
('947602', '0000'),
('832546', '0003'),
('892211', '0003'),
('764219', '0000'),
('358694', '0000'),
('629453', '0000'),
('184397', '0001'),
('659234', '0000'),
('389516', '0000'),
('572640', '0000');

INSERT INTO mendapatkan (NIK, Id_Bansos)VALUES
('1401097832456123', '0003'),
('1401278904567321', '0003'),
('5271081510950014', '0001');

INSERT INTO mengalami (NIK, No_Surat_Peristiwa) VALUES
('3275857639120456', 'SPP1234565'),
('3275476512903845', 'SPP1234566'),
('3275134765890728', 'SPP1234567'),
('3674076192834567', 'SPP1234568'),
('3674945612093487', 'SPP1234569'),
('3674457890321546', 'SPP9876543'),
('3372971246502398', 'SPP9876544'),
('3372093847562914', 'SPP9876545'),
('3372758920634785', 'SPP9876546'),
('3372549870123456', 'SPP9876547'),
('3372712056349821', 'SPP9876548'),
('3372971245032167', 'SPP9876549'),
('3275090803670010', 'SPP9876550'),
('3275095110720008', 'SPP9876551'),
('3275091804010007', 'SPP9876552'),
('3275091302040007', 'SPP9876553'),
('3498125037642958', 'SPP9876554'),
('3498712049325678', 'SPP9876555'),
('3312111206030003', 'SPP9876556'),
('3312117010130003', 'SPP2345678'),
('3512049783564921', 'SPP2345679'),
('3512901234563214', 'SPP2345680'),
('3512456789054321', 'SPP8765432'),
('3612457890325146', 'SPP8765433'),
('3612123456783241', 'SPP8765434'),
('3612549870123456', 'SPP3456789'),
('3328971246502398', 'SPP3456790'),
('3328102983467589', 'SPP3456791'),
('3328459870132456', 'SPP3456792'),
('3214509876345123', 'SPP3456793'),
('3214012456340982', 'SPP3456794'),
('3214712049325678', 'SPP3456795'),
('3214209875342987', 'SPP3456796'),
('3214123456783241', 'SPP3456797'),
('3521093847562914', 'SPP3456798'),
('3521457890321546', 'SPP3456799'),
('3521549870123456', 'SPP3456800'),
('3521712056349821', 'SPP7654321'),
('3215076192834567', 'SPP7654322'),
('3215758920634785', 'SPP7654323'),
('3215971245032167', 'SPP7654324'),
('3577021345678921', 'SPP7654325'),
('3577123456789012', 'SPP7654326'),
('3577456789012345', 'SPP4567890'),
('3602567890123456', 'SPP0987654'),
('3602457890325146', 'SPP0987655'),
('3602459870132456', 'SPP0987656'),
('5307549870123456', 'SPP0987657'),
('5307012345678901', 'SPP0987658'),
('5307123456789012', 'SPP0987659'),
('5307234567890123', 'SPP0987660'),
('5307123498765432', 'SPP5678901'),
('5317012345678901', 'SPP5432109'),
('5317070910770005', 'SPP1098765'),
('5317432098760007', 'SPP1098766'),
('5317432098755431', 'SPP2109876'),
('7413025876912345', 'SPP800432'),
('7413876543120987', 'SPP3210987'),
('3672457890321546', 'SPP7890123'),
('3672758920634785', 'SPP9876345'),
('7310432178906542', 'SPP2345098'),
('7310987654321098', 'SPP8901234'),
('2172785632149056', 'SPP4657890'),
('2172347890123456', 'SPP6789012'),
('1401097832456123', 'SPP1234576'),
('1401278904567321', 'SPP5902109'),
('9271092606830010', 'SPP0617654'),
('9204091304920008', 'SPP8790432'),
('9204091706900008', 'SPP3480989'),
('9209092802670010', 'SPP2166876'),
('9209092107680013', 'SPP7890076'),
('5271081510950014', 'SPP6543210'),
('5205022412870044', 'SPP3770987'),
('5205022010850009', 'SPP8906234'),
('1306110312690001', 'SPP5558901'),
('3203123010840005', 'SPP9006543'),
('3203120102840009', 'SPP2095678'),
('2171182009760010', 'SPP8765001');

INSERT INTO memengaruhi (No_Surat_Peristiwa, No_KK) VALUES
('SPP1234565', '3275041409000014'),
('SPP1234566', '3275041409000014'),
('SPP1234567', '3275041409000014'),
('SPP1234568', '3674071205010005'),
('SPP1234569', '3674071205010005'),
('SPP9876543', '3674071205010005'),
('SPP9876544', '3372032302110019'),
('SPP9876545', '3372032302110019'),
('SPP9876546', '3372032302110019'),
('SPP9876547', '3372032302110019'),
('SPP9876548', '3372032302110019'),
('SPP9876549', '3372032302110019'),
('SPP9876550', '3275092807090010'),
('SPP9876551', '3275092807090010'),
('SPP9876552', '3275092807090010'),
('SPP9876553', '3275092807090010'),
('SPP9876554', '3312111108051592'),
('SPP9876555', '3312111108051592'),
('SPP9876556', '3312111108051592'),
('SPP2345678', '3312111108051592'),
('SPP2345679', '3512021710150003'),
('SPP2345680', '3512021710150003'),
('SPP8765432', '3512021710150003'),
('SPP8765433', '3612141212041322'),
('SPP8765434', '3612141212041322'),
('SPP3456789', '3612141212041322'),
('SPP3456790', '3328192108145411'),
('SPP3456791', '3328192108145411'),
('SPP3456792', '3328192108145411'),
('SPP3456793', '3214052904120147'),
('SPP3456794', '3214052904120147'),
('SPP3456795', '3214052904120147'),
('SPP3456796', '3214052904120147'),
('SPP3456797', '3214052904120147'),
('SPP3456798', '3521141508062154'),
('SPP3456799', '3521141508062154'),
('SPP3456800', '3521141508062154'),
('SPP7654321', '3521141508062154'),
('SPP7654322', '3215220301091987'),
('SPP7654323', '3215220301091987'),
('SPP7654324', '3215220301091987'),
('SPP7654325', '3577021105190116'),
('SPP7654326', '3577021105190116'),
('SPP4567890', '3577021105190116'),
('SPP0987654', '3602151411052114'),
('SPP0987655', '3602151411052114'),
('SPP0987656', '3602151411052114'),
('SPP0987657', '5307130608105422'),
('SPP0987658', '5307130608105422'),
('SPP0987659', '5307130608105422'),
('SPP0987660', '5307130608105422'),
('SPP5678901', '5307130608105422'),
('SPP5432109', '5317061809062447'),
('SPP1098765', '-'),
('SPP1098766', '5317061809062447'),
('SPP2109876', '5317061809062447'),
('SPP800432', '7413220510163183'),
('SPP3210987', '7413220510163183'),
('SPP7890123', '3672192107142001'),
('SPP9876345', '3672192107142001'),
('SPP2345098', '7310021506040011'),
('SPP8901234', '7310021506040011'),
('SPP4657890', '2172021404210114'),
('SPP6789012', '2172021404210114'),
('SPP1234576', '1401061908030010'),
('SPP5902109', '1401061908030010'),
('SPP0617654', '9271142904092114'),
('SPP8790432', '9204081403010005'),
('SPP3480989', '-'),
('SPP2166876', '9209513101020109'),
('SPP7890076', '-'),
('SPP6543210', '5271160312193116'),
('SPP3770987', '5205162507112125'),
('SPP8906234', '-'),
('SPP5558901', '1306142002130006'),
('SPP9006543', '3203021504105148'),
('SPP2095678', '-'),
('SPP8765001', '2171021509113354');

INSERT INTO menentukan (No_Laporan_Penghasilan, NPWP)VALUES
('430819', '36.976.389.9-606.000'),
('527643', '51.065.122.3-703.000'),
('935208', '88.375.839.1-404.000'),
('186473', '47.951.056.1-209.000'),
('750390', '33.954.728.0-106.000'),
('629854', '66.459.117.4-606.000'),
('137459', '77.954.639.8-107.000'),
('245196', '22.851.936.7-208.000'),
('854327', '55.768.953.2-606.000'),
('739812', '99.962.835.0-905.000'),
('460329', '71.857.946.3-607.000'),
('583172', '44.160.874.9-403.000'),
('926340', '31.167.946.2-303.000'),
('317908', '92.468.935.1-707.000'),
('732584', '83.765.982.0-408.000'),
('948361', '45.367.128.3-606.000'),
('526749', '33.773.329.0-303.000'),
('163892', '52.269.730.1-435.000'),
('934705', '11.572.893.4-154.321'),
('286395', '02.376.954.0-058.000'),
('417230', '11.951.186.7-107.000'),
('635492', '26.659.817.4-209.000'),
('748951', '88.166.738.2-903.000'),
('153976', '77.366.189.1-707.000'),
('864302', '99.268.736.0-606.000'),
('593720', '22.169.846.3-404.000'),
('246018', '14.970.185.2-805.000'),
('973254', '66.571.937.4-606.000'),
('819436', '33.373.196.3-903.000'),
('305164', '11.774.835.1-606.000'),
('629783', '55.976.283.0-303.000'),
('835796', '18.378.937.2-606.000'),
('469285', '71.883.957.2-303.000'),
('618349', '22.488.176.1-606.000'),
('249063', '44.292.568.0-707.000'),
('153629', '55.699.835.3-808.000'),
('947602', '33.105.297.2-606.000'),
('832546', '99.911.568.1-303.000'),
('892211', '88.518.376.0-606.000'),
('764219', '77.924.185.3-303.000'),
('358694', '14.331.799.2-606.000'),
('629453', '36.838.087.1-808.000'),
('184397', '20.344.575.0-303.000'),
('659234', '82.951.263.3-606.000'),
('389516', '66.558.952.2-707.000'),
('572640', '11.166.640.1-808.000');

INSERT INTO menetap (No_KK, Id_Tempat_Tinggal) VALUES
('3275041409000014', '8742053196'),
('3674071205010005', '5029381476'),
('3372032302110019', '6894712053'),
('3275092807090010', '3147809526'),
('3312111108051592', '9273650184'),
('3512021710150003', '1085962437'),
('3612141212041322', '4356271890'),
('3328192108145411', '7962845031'),
('3214052904120147', '2501378694'),
('3521141508062154', '6834195720'),
('3215220301091987', '1590342786'),
('3577021105190116', '8427605139'),
('3602151411052114', '3705926814'),
('5307130608105422', '9261347085'),
('5317061809062447', '5189473620'),
('7413220510163183', '6942038175'),
('3672192107142001', '2875614903'),
('7310021506040011', '4037816529'),
('2172021404210114', '7615428309'),
('1401061908030010', '9356782104'),
('9271142904092114', '8072549136'),
('9204081403010005', '3621984750'),
('9209513101020109', '1498062573'),
('5271160312193116', '5203671984'),
('5205162507112125', '6958437012'),
('1306142002130006', '4387056192'),
('3203021504105148', '7819263045');

INSERT INTO melakukan (NIK, ID_Perpindahan)VALUES
('3672758920634785', '2301987654'),
('7310432178906542', '4857239106'),
('7310987654321098', '6745123098'),
('2172785632149056', '1098765432'),
('2172347890123456', '8123456709'),
('1401097832456123', '9876543210'),
('1401278904567321', '6543210987'),
('5271081510950014', '6842157390'),
('5205022412870044', '9015674328'),
('1306110312690001', '2489753106'),
('3203123010840005', '5630928174'),
('2171182009760010', '9328746105'),
('5317012345678901', '3456123211');